<profile version="1.0">
  <option name="myName" value="Default" />
  <inspection_tool class="PyInterpreterInspection" enabled="false" level="WARNING" enabled_by_default="false" />
  <inspection_tool class="PyPackageRequirementsInspection" enabled="true" level="WARNING" enabled_by_default="true">
    <option name="ignoredPackages">
      <value>
        <list size="27">
          <item index="0" class="java.lang.String" itemvalue="colorama" />
          <item index="1" class="java.lang.String" itemvalue="pysnmp" />
          <item index="2" class="java.lang.String" itemvalue="pyserial" />
          <item index="3" class="java.lang.String" itemvalue="Twisted" />
          <item index="4" class="java.lang.String" itemvalue="Jinja2" />
          <item index="5" class="java.lang.String" itemvalue="pycrypto" />
          <item index="6" class="java.lang.String" itemvalue="docutils" />
          <item index="7" class="java.lang.String" itemvalue="loudspeaker" />
          <item index="8" class="java.lang.String" itemvalue="kombu" />
          <item index="9" class="java.lang.String" itemvalue="mock" />
          <item index="10" class="java.lang.String" itemvalue="Pillow" />
          <item index="11" class="java.lang.String" itemvalue="costate" />
          <item index="12" class="java.lang.String" itemvalue="libzebra[atf]" />
          <item index="13" class="java.lang.String" itemvalue="pbkdf2" />
          <item index="14" class="java.lang.String" itemvalue="zstruct" />
          <item index="15" class="java.lang.String" itemvalue="requests" />
          <item index="16" class="java.lang.String" itemvalue="openpyxl" />
          <item index="17" class="java.lang.String" itemvalue="six" />
          <item index="18" class="java.lang.String" itemvalue="marshmallow" />
          <item index="19" class="java.lang.String" itemvalue="libzebra[atf,bluetooth]" />
          <item index="20" class="java.lang.String" itemvalue="jinja2" />
          <item index="21" class="java.lang.String" itemvalue="pylint" />
          <item index="22" class="java.lang.String" itemvalue="atf" />
          <item index="23" class="java.lang.String" itemvalue="PyQt4" />
          <item index="24" class="java.lang.String" itemvalue="pyinotify" />
          <item index="25" class="java.lang.String" itemvalue="regex" />
          <item index="26" class="java.lang.String" itemvalue="mysql-connector" />
        </list>
      </value>
    </option>
  </inspection_tool>
  <inspection_tool class="PyStubPackagesAdvertiser" enabled="true" level="WARNING" enabled_by_default="true">
    <option name="ignoredPackages">
      <list>
        <option value="PyQt5-stubs==5.15.2.0" />
      </list>
    </option>
  </inspection_tool>
  <inspection_tool class="SpellCheckingInspection" enabled="true" level="TYPO" enabled_by_default="true">
    <option name="processCode" value="false" />
    <option name="processLiterals" value="false" />
    <option name="processComments" value="true" />
  </inspection_tool>
</profile>