<application>
  <component name="ProjectJdkTable">
    <jdk version="2">
      <name value="Python 3.8 (libhpl)" />
      <type value="Python SDK" />
      <version value="Python 3.8.3" />
      <homePath value="D:\Apps\PythonVE\libhpl\Scripts\python.exe" />
      <roots>
        <classPath>
          <root type="composite">
            <root url="file://D:/Apps/Python38-32/DLLs" type="simple" />
            <root url="file://D:/Apps/Python38-32/Lib" type="simple" />
            <root url="file://D:/Apps/Python38-32" type="simple" />
            <root url="file://D:/Apps/PythonVE/libhpl" type="simple" />
            <root url="file://D:/Apps/PythonVE/libhpl/Lib/site-packages" type="simple" />
            <root url="file://$USER_HOME$/AppData/Local/JetBrains/PyCharm2020.1/python_stubs/78888311" type="simple" />
            <root url="file://$APPLICATION_HOME_DIR$/plugins/python/helpers/python-skeletons" type="simple" />
            <root url="file://$APPLICATION_HOME_DIR$/plugins/python/helpers/typeshed/stdlib/3.7" type="simple" />
            <root url="file://$APPLICATION_HOME_DIR$/plugins/python/helpers/typeshed/stdlib/3" type="simple" />
            <root url="file://$APPLICATION_HOME_DIR$/plugins/python/helpers/typeshed/stdlib/2and3" type="simple" />
            <root url="file://$APPLICATION_HOME_DIR$/plugins/python/helpers/typeshed/third_party/3" type="simple" />
            <root url="file://$APPLICATION_HOME_DIR$/plugins/python/helpers/typeshed/third_party/2and3" type="simple" />
          </root>
        </classPath>
        <sourcePath>
          <root type="composite" />
        </sourcePath>
      </roots>
      <additional />
    </jdk>
    <jdk version="2">
      <name value="Python 3.8 (nordic)" />
      <type value="Python SDK" />
      <version value="Python 3.8.3" />
      <homePath value="D:\Apps\PythonVE\nordic\Scripts\python.exe" />
      <roots>
        <classPath>
          <root type="composite">
            <root url="file://D:/Apps/Python38-32/DLLs" type="simple" />
            <root url="file://D:/Apps/Python38-32/Lib" type="simple" />
            <root url="file://D:/Apps/Python38-32" type="simple" />
            <root url="file://D:/Apps/PythonVE/nordic" type="simple" />
            <root url="file://D:/Apps/PythonVE/nordic/Lib/site-packages" type="simple" />
            <root url="file://$USER_HOME$/AppData/Local/JetBrains/PyCharm2020.1/python_stubs/21043817" type="simple" />
            <root url="file://$APPLICATION_HOME_DIR$/plugins/python/helpers/python-skeletons" type="simple" />
            <root url="file://$APPLICATION_HOME_DIR$/plugins/python/helpers/typeshed/stdlib/3.7" type="simple" />
            <root url="file://$APPLICATION_HOME_DIR$/plugins/python/helpers/typeshed/stdlib/3" type="simple" />
            <root url="file://$APPLICATION_HOME_DIR$/plugins/python/helpers/typeshed/stdlib/2and3" type="simple" />
            <root url="file://$APPLICATION_HOME_DIR$/plugins/python/helpers/typeshed/third_party/3" type="simple" />
            <root url="file://$APPLICATION_HOME_DIR$/plugins/python/helpers/typeshed/third_party/2and3" type="simple" />
          </root>
        </classPath>
        <sourcePath>
          <root type="composite" />
        </sourcePath>
      </roots>
      <additional ASSOCIATED_PROJECT_PATH="D:/PyCharm/untitled" />
    </jdk>
    <jdk version="2">
      <name value="Python 3.8 (libpac)" />
      <type value="Python SDK" />
      <version value="Python 3.8.3" />
      <homePath value="D:\Apps\PythonVE\libpac\Scripts\python.exe" />
      <roots>
        <classPath>
          <root type="composite">
            <root url="file://D:/Apps/Python38-32/DLLs" type="simple" />
            <root url="file://D:/Apps/Python38-32/Lib" type="simple" />
            <root url="file://D:/Apps/Python38-32" type="simple" />
            <root url="file://D:/Apps/PythonVE/libpac" type="simple" />
            <root url="file://D:/Apps/PythonVE/libpac/Lib/site-packages" type="simple" />
            <root url="file://$USER_HOME$/AppData/Local/JetBrains/PyCharm2020.1/python_stubs/1463461513" type="simple" />
            <root url="file://$APPLICATION_HOME_DIR$/plugins/python/helpers/python-skeletons" type="simple" />
            <root url="file://$APPLICATION_HOME_DIR$/plugins/python/helpers/typeshed/stdlib/3.7" type="simple" />
            <root url="file://$APPLICATION_HOME_DIR$/plugins/python/helpers/typeshed/stdlib/3" type="simple" />
            <root url="file://$APPLICATION_HOME_DIR$/plugins/python/helpers/typeshed/stdlib/2and3" type="simple" />
            <root url="file://$APPLICATION_HOME_DIR$/plugins/python/helpers/typeshed/third_party/3" type="simple" />
            <root url="file://$APPLICATION_HOME_DIR$/plugins/python/helpers/typeshed/third_party/2and3" type="simple" />
          </root>
        </classPath>
        <sourcePath>
          <root type="composite" />
        </sourcePath>
      </roots>
      <additional ASSOCIATED_PROJECT_PATH="D:/PyCharm/libpac" />
    </jdk>
    <jdk version="2">
      <name value="Python 3.8 (bbcf_sprites)" />
      <type value="Python SDK" />
      <version value="Python 3.8.3" />
      <homePath value="D:\Apps\PythonVE\bbcf_sprites\Scripts\python.exe" />
      <roots>
        <classPath>
          <root type="composite">
            <root url="file://D:/Apps/Python38-32/DLLs" type="simple" />
            <root url="file://D:/Apps/Python38-32/Lib" type="simple" />
            <root url="file://D:/Apps/Python38-32" type="simple" />
            <root url="file://D:/Apps/PythonVE/bbcf_sprites" type="simple" />
            <root url="file://D:/Apps/PythonVE/bbcf_sprites/Lib/site-packages" type="simple" />
            <root url="file://D:/PyCharm/libhip" type="simple" />
            <root url="file://D:/PyCharm/libpac" type="simple" />
            <root url="file://D:/PyCharm/libhpl" type="simple" />
            <root url="file://D:/PyCharm/libjonb" type="simple" />
            <root url="file://D:/PyCharm/libscr" type="simple" />
            <root url="file://$USER_HOME$/AppData/Local/JetBrains/PyCharm2020.1/python_stubs/298071972" type="simple" />
            <root url="file://$APPLICATION_HOME_DIR$/plugins/python/helpers/python-skeletons" type="simple" />
            <root url="file://$APPLICATION_HOME_DIR$/plugins/python/helpers/typeshed/stdlib/3.7" type="simple" />
            <root url="file://$APPLICATION_HOME_DIR$/plugins/python/helpers/typeshed/stdlib/3" type="simple" />
            <root url="file://$APPLICATION_HOME_DIR$/plugins/python/helpers/typeshed/stdlib/2and3" type="simple" />
            <root url="file://$APPLICATION_HOME_DIR$/plugins/python/helpers/typeshed/third_party/3" type="simple" />
            <root url="file://$APPLICATION_HOME_DIR$/plugins/python/helpers/typeshed/third_party/2and3" type="simple" />
          </root>
        </classPath>
        <sourcePath>
          <root type="composite" />
        </sourcePath>
      </roots>
      <additional ASSOCIATED_PROJECT_PATH="D:/PyCharm/bbsed" />
    </jdk>
    <jdk version="2">
      <name value="Python 3.8 (libhip)" />
      <type value="Python SDK" />
      <version value="Python 3.8.3" />
      <homePath value="D:\Apps\PythonVE\libhip\Scripts\python.exe" />
      <roots>
        <classPath>
          <root type="composite">
            <root url="file://D:/Apps/Python38-32/DLLs" type="simple" />
            <root url="file://D:/Apps/Python38-32/Lib" type="simple" />
            <root url="file://D:/Apps/Python38-32" type="simple" />
            <root url="file://D:/Apps/PythonVE/libhip" type="simple" />
            <root url="file://D:/Apps/PythonVE/libhip/Lib/site-packages" type="simple" />
            <root url="file://$USER_HOME$/AppData/Local/JetBrains/PyCharm2020.1/python_stubs/1259102316" type="simple" />
            <root url="file://$APPLICATION_HOME_DIR$/plugins/python/helpers/python-skeletons" type="simple" />
            <root url="file://$APPLICATION_HOME_DIR$/plugins/python/helpers/typeshed/stdlib/3.7" type="simple" />
            <root url="file://$APPLICATION_HOME_DIR$/plugins/python/helpers/typeshed/stdlib/3" type="simple" />
            <root url="file://$APPLICATION_HOME_DIR$/plugins/python/helpers/typeshed/stdlib/2and3" type="simple" />
            <root url="file://$APPLICATION_HOME_DIR$/plugins/python/helpers/typeshed/third_party/3" type="simple" />
            <root url="file://$APPLICATION_HOME_DIR$/plugins/python/helpers/typeshed/third_party/2and3" type="simple" />
          </root>
        </classPath>
        <sourcePath>
          <root type="composite" />
        </sourcePath>
      </roots>
      <additional ASSOCIATED_PROJECT_PATH="D:/PyCharm/libhip" />
    </jdk>
    <jdk version="2">
      <name value="Python 3.8 (libscr)" />
      <type value="Python SDK" />
      <version value="Python 3.8.3" />
      <homePath value="D:\Apps\PythonVE\libscr\Scripts\python.exe" />
      <roots>
        <classPath>
          <root type="composite">
            <root url="file://D:/Apps/Python38-32/DLLs" type="simple" />
            <root url="file://D:/Apps/Python38-32/Lib" type="simple" />
            <root url="file://D:/Apps/Python38-32" type="simple" />
            <root url="file://D:/Apps/PythonVE/libscr" type="simple" />
            <root url="file://D:/Apps/PythonVE/libscr/Lib/site-packages" type="simple" />
            <root url="file://D:/PyCharm/libpac" type="simple" />
            <root url="file://$USER_HOME$/AppData/Local/JetBrains/PyCharm2020.1/python_stubs/-1770434311" type="simple" />
            <root url="file://$APPLICATION_HOME_DIR$/plugins/python/helpers/python-skeletons" type="simple" />
            <root url="file://$APPLICATION_HOME_DIR$/plugins/python/helpers/typeshed/stdlib/3.7" type="simple" />
            <root url="file://$APPLICATION_HOME_DIR$/plugins/python/helpers/typeshed/stdlib/3" type="simple" />
            <root url="file://$APPLICATION_HOME_DIR$/plugins/python/helpers/typeshed/stdlib/2and3" type="simple" />
            <root url="file://$APPLICATION_HOME_DIR$/plugins/python/helpers/typeshed/third_party/3" type="simple" />
            <root url="file://$APPLICATION_HOME_DIR$/plugins/python/helpers/typeshed/third_party/2and3" type="simple" />
          </root>
        </classPath>
        <sourcePath>
          <root type="composite" />
        </sourcePath>
      </roots>
      <additional ASSOCIATED_PROJECT_PATH="D:/PyCharm/libscr" />
    </jdk>
    <jdk version="2">
      <name value="Python 3.6 (libscr-blap)" />
      <type value="Python SDK" />
      <version value="Python 3.6.7" />
      <homePath value="D:\Apps\PythonVE\libscr-blap\Scripts\python.exe" />
      <roots>
        <classPath>
          <root type="composite">
            <root url="file://D:/Apps/Python36-32/DLLs" type="simple" />
            <root url="file://D:/Apps/Python36-32/Lib" type="simple" />
            <root url="file://D:/Apps/Python36-32" type="simple" />
            <root url="file://D:/Apps/PythonVE/libscr-blap" type="simple" />
            <root url="file://D:/Apps/PythonVE/libscr-blap/Lib/site-packages" type="simple" />
            <root url="file://$USER_HOME$/AppData/Local/JetBrains/PyCharm2020.1/python_stubs/-1318691987" type="simple" />
            <root url="file://$APPLICATION_HOME_DIR$/plugins/python/helpers/python-skeletons" type="simple" />
            <root url="file://$APPLICATION_HOME_DIR$/plugins/python/helpers/typeshed/stdlib/3" type="simple" />
            <root url="file://$APPLICATION_HOME_DIR$/plugins/python/helpers/typeshed/stdlib/2and3" type="simple" />
            <root url="file://$APPLICATION_HOME_DIR$/plugins/python/helpers/typeshed/third_party/3" type="simple" />
            <root url="file://$APPLICATION_HOME_DIR$/plugins/python/helpers/typeshed/third_party/2and3" type="simple" />
          </root>
        </classPath>
        <sourcePath>
          <root type="composite" />
        </sourcePath>
      </roots>
      <additional ASSOCIATED_PROJECT_PATH="D:/PyCharm/libscr" />
    </jdk>
    <jdk version="2">
      <name value="Python 3.8 (libjbin)" />
      <type value="Python SDK" />
      <version value="Python 3.8.3" />
      <homePath value="D:\Apps\PythonVE\libjbin\Scripts\python.exe" />
      <roots>
        <classPath>
          <root type="composite">
            <root url="file://D:/Apps/Python38-32/DLLs" type="simple" />
            <root url="file://D:/Apps/Python38-32/Lib" type="simple" />
            <root url="file://D:/Apps/Python38-32" type="simple" />
            <root url="file://D:/Apps/PythonVE/libjbin" type="simple" />
            <root url="file://D:/Apps/PythonVE/libjbin/Lib/site-packages" type="simple" />
            <root url="file://$USER_HOME$/AppData/Local/JetBrains/PyCharm2020.1/python_stubs/-1807197004" type="simple" />
            <root url="file://$APPLICATION_HOME_DIR$/plugins/python/helpers/python-skeletons" type="simple" />
            <root url="file://$APPLICATION_HOME_DIR$/plugins/python/helpers/typeshed/stdlib/3.7" type="simple" />
            <root url="file://$APPLICATION_HOME_DIR$/plugins/python/helpers/typeshed/stdlib/3" type="simple" />
            <root url="file://$APPLICATION_HOME_DIR$/plugins/python/helpers/typeshed/stdlib/2and3" type="simple" />
            <root url="file://$APPLICATION_HOME_DIR$/plugins/python/helpers/typeshed/third_party/3" type="simple" />
            <root url="file://$APPLICATION_HOME_DIR$/plugins/python/helpers/typeshed/third_party/2and3" type="simple" />
          </root>
        </classPath>
        <sourcePath>
          <root type="composite" />
        </sourcePath>
      </roots>
      <additional ASSOCIATED_PROJECT_PATH="D:/PyCharm/libjbin" />
    </jdk>
  </component>
</application>