<keymap version="1" name="Default copy" parent="$default">
  <action id="$Paste">
    <keyboard-shortcut first-keystroke="shift insert" />
  </action>
  <action id="ChangesView.AddUnversioned" />
  <action id="ChangesView.AddUnversioned.From.Dialog" />
  <action id="CommentByLineComment">
    <keyboard-shortcut first-keystroke="ctrl slash" />
    <keyboard-shortcut first-keystroke="ctrl divide" />
    <keyboard-shortcut first-keystroke="ctrl q" />
  </action>
  <action id="Console.TableResult.NavigateExportedAction">
    <keyboard-shortcut first-keystroke="alt f7" />
  </action>
  <action id="Diagram.DeselectAll" />
  <action id="Django.RunManageTaskAction">
    <keyboard-shortcut first-keystroke="ctrl alt r" />
    <keyboard-shortcut first-keystroke="ctrl alt a" />
  </action>
  <action id="EditorDeleteLine">
    <keyboard-shortcut first-keystroke="ctrl e" />
  </action>
  <action id="EditorPasteSimple">
    <keyboard-shortcut first-keystroke="ctrl v" />
  </action>
  <action id="Git.Add" />
  <action id="Git.Branches">
    <keyboard-shortcut first-keystroke="ctrl alt back_slash" />
  </action>
  <action id="Git.Fetch">
    <keyboard-shortcut first-keystroke="ctrl alt insert" />
  </action>
  <action id="Git.Pull">
    <keyboard-shortcut first-keystroke="ctrl alt end" />
  </action>
  <action id="Git.ResolveConflicts">
    <keyboard-shortcut first-keystroke="ctrl alt page_up" />
  </action>
  <action id="GotoRelated" />
  <action id="NewElementSamePlace" />
  <action id="NewScratchFile">
    <keyboard-shortcut first-keystroke="ctrl alt comma" />
  </action>
  <action id="QuickJavaDoc">
    <mouse-shortcut keystroke="alt button2" />
  </action>
  <action id="RecentFiles" />
  <action id="RenameElement">
    <keyboard-shortcut first-keystroke="shift f6" />
    <keyboard-shortcut first-keystroke="shift ctrl x" />
  </action>
  <action id="Subversion.MergeFrom">
    <keyboard-shortcut first-keystroke="ctrl alt page_down" />
  </action>
  <action id="SwitchApply">
    <keyboard-shortcut first-keystroke="shift alt enter" />
  </action>
  <action id="SwitchDown">
    <keyboard-shortcut first-keystroke="shift alt down" />
  </action>
  <action id="SwitchLeft">
    <keyboard-shortcut first-keystroke="shift alt left" />
  </action>
  <action id="SwitchRight">
    <keyboard-shortcut first-keystroke="shift alt right" />
  </action>
  <action id="SwitchUp">
    <keyboard-shortcut first-keystroke="shift alt up" />
  </action>
  <action id="SynchronizeCurrentFile">
    <keyboard-shortcut first-keystroke="ctrl alt x" />
  </action>
  <action id="UsageView.ShowRecentFindUsages" />
  <action id="Vcs.Push">
    <keyboard-shortcut first-keystroke="ctrl alt home" />
  </action>
  <action id="Vcs.ShowMessageHistory">
    <keyboard-shortcut first-keystroke="ctrl m" />
  </action>
</keymap>