<application>
  <component name="DefaultFont">
    <option name="FONT_SIZE" value="12" />
  </component>
  <component name="EditorSettings">
    <option name="USE_SOFT_WRAPS" value="" />
    <option name="IS_WHEEL_FONTCHANGE_ENABLED" value="true" />
  </component>
  <component name="TodoConfiguration">
    <pattern useCustomColors="true" pattern="\btodo\b.*">
      <option name="FOREGROUND" value="ffa1" />
      <option name="FONT_TYPE" value="3" />
      <option name="ERROR_STRIPE_COLOR" value="ffa1" />
    </pattern>
    <pattern useCustomColors="true" pattern="\bfixme\b.*">
      <option name="FOREGROUND" value="ff0002" />
      <option name="FONT_TYPE" value="3" />
      <option name="ERROR_STRIPE_COLOR" value="b500ff" />
    </pattern>
    <pattern useCustomColors="true" case-sensitive="true" pattern="\bHERE\b.*">
      <option name="FOREGROUND" value="fff407" />
      <option name="FONT_TYPE" value="3" />
      <option name="ERROR_STRIPE_COLOR" value="ff" />
    </pattern>
    <pattern useCustomColors="true" pattern="\bhack\b.*">
      <option name="FOREGROUND" value="ff00b4" />
      <option name="FONT_TYPE" value="3" />
      <option name="ERROR_STRIPE_COLOR" value="ffffff" />
    </pattern>
  </component>
</application>