<application>
  <component name="ProjectManager">
    <defaultProject>
      <component name="Encoding">
        <file url="PROJECT" charset="UTF-8" />
      </component>
      <component name="PreferredVcsStorage">
        <preferredVcsName>ApexVCS</preferredVcsName>
      </component>
      <component name="ProjectLevelVcsManager" settingsEditedManually="true" />
      <component name="PropertiesComponent">
        <property name="options.lastSelected" value="configurable.group.appearance" />
        <property name="options.splitter.main.proportions" value="0.3" />
        <property name="options.splitter.details.proportions" value="0.2" />
        <property name="settings.editor.selected.configurable" value="project.propVCSSupport.Mappings" />
      </component>
      <component name="VcsContentAnnotationSettings">
        <option name="myLimit" value="2678400000" />
      </component>
      <component name="VcsManagerConfiguration">
        <option name="USE_COMMIT_MESSAGE_MARGIN" value="true" />
        <option name="WRAP_WHEN_TYPING_REACHES_RIGHT_MARGIN" value="true" />
      </component>
    </defaultProject>
  </component>
</application>